Workbook

Sheet Rules
A1: Rule_ID | B1: 类别 | C1: 规则名称 | D1: 条件说明 | E1: 参数值 | F1: 单位 | G1: 启用 | H1: 状态 | I1: 来源 | J1: 解释 | K1: 备注 | L1: 数据类型 | M1: 最小值 | N1: 最大值 | O1: 参数含义 | P1: 计算公式 | Q1: 修改后的影响 | R1: 计算示例 | S1: 初始取值考虑 | T1: 参数类型 | U1: 影响位置

Sheet 使用说明
A1: 公开模板
A2: 此文件只保留导出格式，不含正式规则，也不能直接作为正式规则导入。
A4: 安装正式规则时，请在应用中选择维护者单独发送的 .lyrules 加密规则包并输入对应口令。

Sheet 试算
A1: 序号 | B1: 规则编号 | C1: 参数值 | D1: 说明
A2: =ROW()-1 | B2: =IF(Rules!A2="","",Rules!A2) | C2: =IF(Rules!E2="","",Rules!E2) | D2: =IF(B2="","等待安装正式规则","仅供本机试算")
A3: =ROW()-1 | B3: =IF(Rules!A3="","",Rules!A3) | C3: =IF(Rules!E3="","",Rules!E3) | D3: =IF(B3="","等待安装正式规则","仅供本机试算")
A4: =ROW()-1 | B4: =IF(Rules!A4="","",Rules!A4) | C4: =IF(Rules!E4="","",Rules!E4) | D4: =IF(B4="","等待安装正式规则","仅供本机试算")
A5: =ROW()-1 | B5: =IF(Rules!A5="","",Rules!A5) | C5: =IF(Rules!E5="","",Rules!E5) | D5: =IF(B5="","等待安装正式规则","仅供本机试算")
A6: =ROW()-1 | B6: =IF(Rules!A6="","",Rules!A6) | C6: =IF(Rules!E6="","",Rules!E6) | D6: =IF(B6="","等待安装正式规则","仅供本机试算")
A7: =ROW()-1 | B7: =IF(Rules!A7="","",Rules!A7) | C7: =IF(Rules!E7="","",Rules!E7) | D7: =IF(B7="","等待安装正式规则","仅供本机试算")
A8: =ROW()-1 | B8: =IF(Rules!A8="","",Rules!A8) | C8: =IF(Rules!E8="","",Rules!E8) | D8: =IF(B8="","等待安装正式规则","仅供本机试算")
A9: =ROW()-1 | B9: =IF(Rules!A9="","",Rules!A9) | C9: =IF(Rules!E9="","",Rules!E9) | D9: =IF(B9="","等待安装正式规则","仅供本机试算")
A10: =ROW()-1 | B10: =IF(Rules!A10="","",Rules!A10) | C10: =IF(Rules!E10="","",Rules!E10) | D10: =IF(B10="","等待安装正式规则","仅供本机试算")
